review_text,sentiment
The instructor explained backpropagation in a way that finally made it click for me after months of confusion.,1
Lab sessions were well-structured and the hands-on PyTorch exercises directly reinforced what we covered in lectures.,1
I appreciated that the curriculum didn't shy away from the math — the linear algebra review in week two was exactly what I needed.,1
The course transformed how I think about model evaluation; I now instinctively question accuracy as the sole metric.,1
Instructor response time on the discussion board was impressive — most questions were answered within a few hours.,1
"The final capstone project pushed me to apply everything end-to-end, which is where the real learning happened.",1
Guest lectures from industry practitioners gave the course a relevance that purely academic content often lacks.,1
"I landed a junior ML engineer role two months after completing this course, and the interviewers specifically praised my understanding of bias-variance tradeoff.",1
The pacing in the second half of the course was demanding but fair — challenging enough to grow without feeling chaotic.,1
Weekly quizzes were low-stakes but kept me accountable and forced regular review of the material.,1
The section on feature engineering alone was worth the tuition; it's a skill most online courses completely overlook.,1
"I've taken three ML courses and this is the only one where I felt the instructor genuinely cared whether students understood, not just whether they passed.",1
The debugging walkthroughs during lab hours were invaluable — watching an expert methodically isolate errors taught me more than any tutorial.,1
Curriculum coverage of model interpretability tools like SHAP and LIME set this course apart from competitors.,1
"The course was rigorous, but the scaffolding was thoughtful enough that I never felt abandoned when I struggled.",1
Office hours were genuinely collaborative — it felt less like asking for help and more like a research discussion.,1
"The progression from classical ML to neural networks felt organic rather than abrupt, which made the conceptual leap manageable.",1
I appreciated the honest discussion of when NOT to use deep learning — most courses oversell it without covering trade-offs.,1
Peer code reviews built into the assignments added an accountability layer that improved my code quality significantly.,1
The dataset curation exercise in module four taught me more about real-world ML pipelines than any textbook chapter.,1
"Lecture recordings were high quality and well-indexed, which made revisiting specific concepts before exams straightforward.",1
"The instructor's industry background was evident — examples were grounded in production constraints, not just academic toy problems.",1
Support resources like the cheat sheets and formula cards were professionally made and genuinely useful during exams.,1
The course covered ensemble methods in enough depth that I could actually tune a gradient boosting model with confidence afterward.,1
I came in with only Python basics and by the end I had deployed a working classification API — the scaffolding was excellent.,1
"Assignments were hard but never felt designed to trick you — difficulty came from depth, not ambiguity.",1
"The slack community for the course is still active a year later, which says something about the connections it builds.",1
"Instructor feedback on project submissions was specific and actionable, not just a rubric score.",1
"The course treated us like professionals in training, not passive consumers of content — that respect made a real difference.",1
"Despite some pacing issues in module three, the overall learning arc of this course is one of the best I've experienced in technical education.",1
The neural network visualizations in week six were some of the clearest I've seen — they bridged the gap between intuition and math.,1
"Curriculum was updated mid-course to include a new framework release, which showed the team actually monitors the field.",1
The prerequisite check at enrollment saved me from jumping in underprepared — a small feature that made a big difference.,1
Hyperparameter tuning labs were thorough enough that I stopped treating model training as a black box.,1
"The course materials assumed you'd engage critically, not just memorize — that assumption made me a better learner.",1
Even the optional reading list was curated thoughtfully — every paper recommended was worth the time.,1
My manager noticed a marked improvement in how I communicate model limitations after completing the responsible AI module.,1
"The course was intellectually honest about the limitations of ML, which I found more reassuring than courses that oversell it.",1
"Lab environments were pre-configured so I spent time learning, not fighting dependency conflicts.",1
The balance between theory and implementation was one of the best I've encountered — neither side was sacrificed for the other.,1
"The instructor has a habit of explaining the 'why' before the 'how,' which maps far better to how I actually retain information.",1
"I found myself looking forward to lectures, which is not something I expected from a technical course this dense.",1
"The course doesn't hold your hand, but it does provide a clear map — I valued that distinction.",1
"Assessments tested real understanding, not memorization — a refreshing departure from most certification-style courses.",1
"The ethics and fairness module was substantive, not tokenistic — it integrated directly into the technical content rather than feeling bolted on.",1
"Module pacing was uneven in the first week but improved steadily, and by week three the course found a strong rhythm.",1
The instructor's approach to Q&A — restating the question before answering — sounds minor but dramatically improved comprehension in live sessions.,1
"By the midpoint I was already applying course concepts at work, which is the fastest transfer to practice I've experienced.",1
"The course over-delivered on its promises, which is rare enough that it's worth stating explicitly.",1
Even the course's weakest unit — data pipelines — was still above average compared to similar offerings.,1
"The course was demanding but never demoralizing, which is a harder balance to strike than most instructors realize.",1
"The hands-on labs were the best part of this course, though I wish there had been more of them relative to the lecture-heavy weeks.",1
Curriculum is mostly excellent but the section on SVMs was underdeveloped compared to the depth given to tree-based methods.,1
"The course is not cheap and I debated the value, but the career outcomes for my cohort suggest the investment holds up.",1
The instructor is clearly brilliant but can occasionally move too fast when deriving equations — pausing for questions would help.,1
Lab exercises were well-designed but a few had bugs in the starter code that weren't fixed until late in the term.,1
"The course prepared me well for technical interviews, though I had to supplement with additional resources for system design rounds.",1
Some of the optional modules were better than the required content — I'd advocate for reorganizing the curriculum around them.,1
"The course has a steep learning curve in week one but if you push through it, the subsequent modules feel much more accessible.",1
I would recommend this course with the caveat that you need to already be comfortable with calculus — the math is not optional.,1
The instructor's real-world examples were memorable and I still reference them when explaining concepts to colleagues.,1
"This course got me further in six months than two years of self-study — not because the content is unique, but because the structure forced consistency.",1
"The course is demanding in a way that reflects the actual demands of working in ML, which I respect even when it was uncomfortable.",1
"I had to repeat module three twice before it clicked, but the course design made that feel like a feature, not a failure.",1
"The career impact unit was the most practically useful section of any technical course I've taken — concrete, honest, and actionable.",1
"The assignments were harder than I expected and some instructions were genuinely ambiguous, but the grading was fair once I asked for clarification.",0
I felt the curriculum jumped too quickly from logistic regression to deep learning without enough time on the in-between concepts.,0
The live sessions were scheduled at times that didn't work for students outside the instructor's time zone.,0
"Lab environments crashed repeatedly during the neural networks unit, and support tickets took over a week to resolve.",0
The course has strong fundamentals but the NLP module felt rushed and surface-level compared to the rest of the content.,0
"Instructor explanations during lectures were clear, but the assignments seemed to test material that was never actually taught.",0
The discussion board was poorly moderated — misinformation from other students would sit uncorrected for days.,0
"I completed the course but couldn't tell you how to deploy a model in production, which was advertised as a learning outcome.",0
The grading rubric for the capstone was vague enough that students doing excellent work received the same score as those doing mediocre work.,0
"Office hours were offered once a week at a time that conflicted with most students' schedules, making them effectively inaccessible.",0
The course requires a significant time commitment that wasn't disclosed upfront — I fell behind in week two and never fully recovered.,0
Feedback on assignments was generic to the point of being useless — 'good job' or 'needs improvement' with no elaboration.,0
The prerequisite list said basic Python but the first lab assumed knowledge of NumPy and Pandas with no review provided.,0
Video lectures were recorded two years ago and several code examples use deprecated APIs that no longer work.,0
The course promised to cover transformer architectures but that module was repeatedly deferred and ultimately dropped without explanation.,0
I found the instructor's pacing frustrating — concepts were introduced and then dropped before I felt any sense of consolidation.,0
"The support resources listed in the syllabus, including tutoring hours and a supplementary textbook, were either unavailable or difficult to access.",0
"Assignments were often uploaded hours before the deadline with no advance notice, which made time management nearly impossible.",0
The course content is solid but the platform is so unreliable that I spent more time troubleshooting access issues than learning.,0
The final exam covered topics from an optional reading that wasn't flagged as testable — that felt like a breach of expectation.,0
The instructor was knowledgeable but seemed less interested in teaching and more interested in demonstrating their own expertise.,0
"I paid for a career support package that was supposed to include resume review and mock interviews, but never received either.",0
"The course had an inconsistent tone — some units were graduate-level rigorous, others were almost remedial, with no clear rationale.",0
"Group projects were required but there was no infrastructure for collaboration — no shared workspace, no clear roles, no conflict resolution process.",0
The course content was largely recycled from freely available online resources with minimal added value or synthesis.,0
"Theoretical foundations were strong, but there was almost no guidance on how to translate what we learned into job applications or portfolio work.",0
"The machine learning concepts were explained correctly but the course never addressed the messiness of real data, which left me underprepared.",0
"Autograders returned cryptic error messages that gave no diagnostic information, turning debugging into guesswork.",0
The course was marketed as beginner-friendly but moved at a pace more appropriate for students with prior ML exposure.,0
"Some lecture content was directly contradicted in later modules, and the instructor never acknowledged or reconciled the discrepancy.",0
The course felt like it was designed around the assessment rubric rather than around genuine learning objectives.,0
Peer reviews were mandatory but unstructured — feedback from classmates was rarely technical and often counterproductive.,0
"The certificate I received wasn't recognized by any of the employers I interviewed with, despite claims in the marketing material.",0
Curriculum updates were promised at enrollment but the course has been static for eighteen months despite significant changes in the field.,0
"The instructor's preferred explanation style — heavy analogy, minimal math — left me unable to read any foundational papers independently.",0
"There was no structured way to ask for help outside of office hours, and the instructor did not respond to direct messages.",0
"The course was engaging in the early modules but lost coherence after week five, as if a different instructor had taken over the curriculum design.",0
I left the course with a portfolio of notebooks that work but can't explain the choices made in them — that's not understanding.,0
The course covers a lot of ground but the depth at each stop is insufficient for someone hoping to apply these techniques professionally.,0
"Despite a strong start, the course failed to build on its early momentum, and the second half felt like a series of loosely connected topics.",0
"The syllabus said the course would cover reinforcement learning but only a single lecture touched on it, which was disappointing given my goals.",0
Lectures were pre-recorded and the course never felt live — even the 'synchronous' sessions were just Q&A with no new content.,0
"The course is worth taking if you already have ML exposure and want structure, but it is not appropriate for true beginners despite its marketing.",0
"I found myself more confused at the end of some modules than at the beginning, which suggests the explanations prioritized completeness over clarity.",0
"The course is well-regarded in online reviews, but my cohort's experience was notably worse than what those reviews describe.",0
Grading felt inconsistent between TAs — identical submissions from different students received different scores with no clear standard.,0
The workload was manageable in isolation but the course made no accommodation for students with professional or family obligations.,0
I found the ethical AI section superficial and tokenistic — a single lecture grafted onto a technically rigorous course as an afterthought.,0
The course had potential but was undermined by an LMS that made navigating materials and submitting work unnecessarily frustrating.,0
"Several of the lab datasets contained labeling errors that affected our model outputs, and it took three weeks before the course team acknowledged the issue.",0
The course talks extensively about best practices but the instructor's own code demonstrated several anti-patterns without comment.,0
I enrolled expecting practical skills and left with theoretical knowledge that I don't know how to apply without additional guidance.,0
"The course was clearly designed for a different student than me — the assumed background, the examples, and the pace all felt misaligned with the syllabus description.",0
"The course content is dated enough that several recommended tools are no longer industry standard, which affects the credibility of the career advice.",0
"Final project feedback arrived after the course had ended, which made it impossible to iterate or learn from the assessment.",0
The course assumed we had GPU access but never mentioned this in prerequisites — cloud compute costs added up fast.,0
Instructor enthusiasm was high in the first two weeks and then visibly declined; by module five the sessions felt perfunctory.,0
The 'project-based learning' framing was misleading — projects were guided so heavily that there was little room for independent problem-solving.,0
"Conceptual explanations were clear but I never developed confidence implementing anything from scratch, which is a significant gap.",0
The course felt padded to justify its length — several modules could have been condensed without any loss of learning value.,0
I appreciated the ambition of the curriculum but the execution didn't match; too many topics were introduced without being properly closed.,0
The course has a strong reputation but that reputation appears to have been built on earlier cohorts — mine did not have the same experience.,0
Assessment deadlines were enforced rigidly even when technical issues on the platform side caused submission failures.,0
"The course included a lot of historical context that felt tangential — I wanted more time on current techniques, not 1990s algorithms.",0
The breadth of topics was impressive but I left feeling like I had surveyed a field rather than developed any real competency within it.,0
